-- phpMyAdmin SQL Dump
-- version 4.8.2
-- https://www.phpmyadmin.net/
--
-- Host: 127.0.0.1
-- Generation Time: Nov 23, 2018 at 06:01 PM
-- Server version: 10.1.34-MariaDB
-- PHP Version: 7.2.7

SET SQL_MODE = "NO_AUTO_VALUE_ON_ZERO";
SET AUTOCOMMIT = 0;
START TRANSACTION;
SET time_zone = "+00:00";


/*!40101 SET @OLD_CHARACTER_SET_CLIENT=@@CHARACTER_SET_CLIENT */;
/*!40101 SET @OLD_CHARACTER_SET_RESULTS=@@CHARACTER_SET_RESULTS */;
/*!40101 SET @OLD_COLLATION_CONNECTION=@@COLLATION_CONNECTION */;
/*!40101 SET NAMES utf8mb4 */;

--
-- Database: `project_inv`
--

-- --------------------------------------------------------

--
-- Table structure for table `brands`
--

CREATE TABLE `brands` (
  `bid` int(11) NOT NULL,
  `brand_name` varchar(255) NOT NULL,
  `status` enum('1','0') NOT NULL
) ENGINE=InnoDB DEFAULT CHARSET=latin1;

--
-- Dumping data for table `brands`
--

INSERT INTO `brands` (`bid`, `brand_name`, `status`) VALUES
(1, 'Dabur', '1'),
(2, 'Botox', '1'),
(3, 'Vivonex', '1');

-- --------------------------------------------------------

--
-- Table structure for table `categories`
--

CREATE TABLE `categories` (
  `cid` int(11) NOT NULL,
  `parent_cat` int(11) NOT NULL,
  `category_name` varchar(255) NOT NULL,
  `status` enum('1','0') NOT NULL
) ENGINE=InnoDB DEFAULT CHARSET=latin1;

--
-- Dumping data for table `categories`
--

INSERT INTO `categories` (`cid`, `parent_cat`, `category_name`, `status`) VALUES
(1, 0, 'Medicine', '1'),
(2, 1, 'Diabetic Medicine', '1'),
(3, 1, 'Paracetamols', '1');

-- --------------------------------------------------------

--
-- Table structure for table `invoice`
--

CREATE TABLE `invoice` (
  `invoice_no` int(11) NOT NULL,
  `customer_name` varchar(100) NOT NULL,
  `order_date` date NOT NULL,
  `sub_total` double NOT NULL,
  `gst` double NOT NULL,
  `discount` double NOT NULL,
  `net_total` double NOT NULL,
  `paid` double NOT NULL,
  `due` double NOT NULL,
  `payment_type` tinytext NOT NULL
) ENGINE=InnoDB DEFAULT CHARSET=latin1;

--
-- Dumping data for table `invoice`
--

INSERT INTO `invoice` (`invoice_no`, `customer_name`, `order_date`, `sub_total`, `gst`, `discount`, `net_total`, `paid`, `due`, `payment_type`) VALUES
(1, 'Aasim', '2018-08-11', 500, 90, 90, 500, 500, 0, 'Cash'),
(3, 'Golu', '2018-09-11', 600, 108, 50, 658, 600, 58, 'Cash'),
(4, 'Prakash', '2018-09-11', 360, 64.8, 24.8, 400, 400, 0, 'Cash'),
(13, 'Aasim Ahmad', '0000-00-00', 240, 43.199999999999996, 80, 203.2, 203.2, 0, 'Card'),
(14, 'Sarthak', '0000-00-00', 135, 24.3, 9.3, 150, 150, 0, 'Cash'),
(15, 'sarthak', '0000-00-00', 600, 108, 208, 500, 500, 0, 'Cash');

-- --------------------------------------------------------

--
-- Table structure for table `invoice_details`
--

CREATE TABLE `invoice_details` (
  `id` int(11) NOT NULL,
  `invoice_no` int(11) NOT NULL,
  `product_name` varchar(100) NOT NULL,
  `price` double NOT NULL,
  `qty` int(11) NOT NULL
) ENGINE=InnoDB DEFAULT CHARSET=latin1;

--
-- Dumping data for table `invoice_details`
--

INSERT INTO `invoice_details` (`id`, `invoice_no`, `product_name`, `price`, `qty`) VALUES
(1, 1, 'abc', 500, 1),
(3, 3, 'Hajmola', 120, 5),
(4, 4, 'Hajmola', 120, 3),
(5, 5, 'Hajmola', 120, 1),
(6, 6, 'Hajmola', 120, 1),
(7, 7, 'Hajmola', 120, 1),
(8, 8, 'Hajmola', 120, 1),
(9, 9, 'Hajmola', 120, 1),
(10, 10, 'Hajmola', 120, 1),
(11, 12, 'Hajmola', 120, 1),
(12, 13, 'Crocin', 20, 12),
(13, 14, 'Botox Plus 100mg', 135, 1),
(14, 15, 'Hajmola', 120, 5);

-- --------------------------------------------------------

--
-- Table structure for table `products`
--

CREATE TABLE `products` (
  `pid` int(11) NOT NULL,
  `cid` int(11) NOT NULL,
  `bid` int(11) NOT NULL,
  `product_name` varchar(100) NOT NULL,
  `product_price` double NOT NULL,
  `product_stock` int(11) NOT NULL,
  `added_date` date NOT NULL,
  `p_status` enum('1','0') NOT NULL
) ENGINE=InnoDB DEFAULT CHARSET=latin1;

--
-- Dumping data for table `products`
--

INSERT INTO `products` (`pid`, `cid`, `bid`, `product_name`, `product_price`, `product_stock`, `added_date`, `p_status`) VALUES
(1, 1, 1, 'Botox Plus 100mg', 135, 49, '2018-11-22', '1'),
(2, 1, 1, 'Hajmola', 120, 15, '2018-11-22', '1'),
(3, 3, 1, 'Crocin', 20, 138, '2018-11-22', '1'),
(4, 2, 3, 'XYZ Tab', 240, 25, '2018-11-22', '1');

-- --------------------------------------------------------

--
-- Table structure for table `user`
--

CREATE TABLE `user` (
  `id` int(11) NOT NULL,
  `username` varchar(255) NOT NULL,
  `email` varchar(255) NOT NULL,
  `password` varchar(300) NOT NULL,
  `usertype` enum('Admin','Other') NOT NULL,
  `register_date` date NOT NULL,
  `last_login` datetime NOT NULL,
  `notes` varchar(255) NOT NULL
) ENGINE=InnoDB DEFAULT CHARSET=latin1;

--
-- Dumping data for table `user`
--

INSERT INTO `user` (`id`, `username`, `email`, `password`, `usertype`, `register_date`, `last_login`, `notes`) VALUES
(10, 'Aasim Ahmad', 'aasim@gmail.com', '$2y$08$0yfJu/QuLupGMj4d8EX4KO6RX9tL6iwvt1X3sp.x4xxisDqDCaUNq', 'Admin', '2018-11-04', '2018-11-23 05:11:40', '');

--
-- Indexes for dumped tables
--

--
-- Indexes for table `brands`
--
ALTER TABLE `brands`
  ADD PRIMARY KEY (`bid`),
  ADD UNIQUE KEY `brand_name` (`brand_name`);

--
-- Indexes for table `categories`
--
ALTER TABLE `categories`
  ADD PRIMARY KEY (`cid`),
  ADD UNIQUE KEY `category_name` (`category_name`);

--
-- Indexes for table `invoice`
--
ALTER TABLE `invoice`
  ADD PRIMARY KEY (`invoice_no`);

--
-- Indexes for table `invoice_details`
--
ALTER TABLE `invoice_details`
  ADD PRIMARY KEY (`id`),
  ADD KEY `invoice_no` (`invoice_no`);

--
-- Indexes for table `products`
--
ALTER TABLE `products`
  ADD PRIMARY KEY (`pid`),
  ADD UNIQUE KEY `product_name` (`product_name`),
  ADD KEY `cid` (`cid`),
  ADD KEY `bid` (`bid`);

--
-- Indexes for table `user`
--
ALTER TABLE `user`
  ADD PRIMARY KEY (`id`),
  ADD UNIQUE KEY `email` (`email`);

--
-- AUTO_INCREMENT for dumped tables
--

--
-- AUTO_INCREMENT for table `brands`
--
ALTER TABLE `brands`
  MODIFY `bid` int(11) NOT NULL AUTO_INCREMENT, AUTO_INCREMENT=4;

--
-- AUTO_INCREMENT for table `categories`
--
ALTER TABLE `categories`
  MODIFY `cid` int(11) NOT NULL AUTO_INCREMENT, AUTO_INCREMENT=4;

--
-- AUTO_INCREMENT for table `invoice`
--
ALTER TABLE `invoice`
  MODIFY `invoice_no` int(11) NOT NULL AUTO_INCREMENT, AUTO_INCREMENT=16;

--
-- AUTO_INCREMENT for table `invoice_details`
--
ALTER TABLE `invoice_details`
  MODIFY `id` int(11) NOT NULL AUTO_INCREMENT, AUTO_INCREMENT=15;

--
-- AUTO_INCREMENT for table `products`
--
ALTER TABLE `products`
  MODIFY `pid` int(11) NOT NULL AUTO_INCREMENT, AUTO_INCREMENT=5;

--
-- AUTO_INCREMENT for table `user`
--
ALTER TABLE `user`
  MODIFY `id` int(11) NOT NULL AUTO_INCREMENT, AUTO_INCREMENT=11;

--
-- Constraints for dumped tables
--

--
-- Constraints for table `invoice_details`
--
ALTER TABLE `invoice_details`
  ADD CONSTRAINT `invoice_details_ibfk_1` FOREIGN KEY (`invoice_no`) REFERENCES `invoice` (`invoice_no`);

--
-- Constraints for table `products`
--
ALTER TABLE `products`
  ADD CONSTRAINT `products_ibfk_1` FOREIGN KEY (`cid`) REFERENCES `categories` (`cid`),
  ADD CONSTRAINT `products_ibfk_2` FOREIGN KEY (`bid`) REFERENCES `brands` (`bid`);
COMMIT;

/*!40101 SET CHARACTER_SET_CLIENT=@OLD_CHARACTER_SET_CLIENT */;
/*!40101 SET CHARACTER_SET_RESULTS=@OLD_CHARACTER_SET_RESULTS */;
/*!40101 SET COLLATION_CONNECTION=@OLD_COLLATION_CONNECTION */;
